idnovel,date,score
1,2020-01-01,0
1,2020-02-01,0
1,2020-03-01,0
1,2020-04-01,0
1,2020-05-01,0
1,2020-06-01,0
1,2020-07-01,0
1,2020-08-01,0
1,2020-09-01,0
1,2020-10-01,0
2,2020-01-01,0
2,2020-02-01,45.2
2,2020-03-01,0
2,2020-04-01,0
2,2020-05-01,0
2,2020-06-01,0
2,2020-07-01,9.78
2,2020-08-01,0
2,2020-09-01,0
2,2020-10-01,0
3,2020-01-01,0
3,2020-02-01,0
3,2020-03-01,0
3,2020-04-01,0
3,2020-05-01,0
3,2020-06-01,0
3,2020-07-01,0
3,2020-08-01,0
3,2020-09-01,0
3,2020-10-01,0
4,2020-01-01,0
4,2020-02-01,0
4,2020-03-01,0
4,2020-04-01,0
4,2020-05-01,0
4,2020-06-01,0
4,2020-07-01,0
4,2020-08-01,0
4,2020-09-01,0
4,2020-10-01,0
5,2020-01-01,45.87
5,2020-02-01,48.53
5,2020-03-01,65.06
5,2020-04-01,48.23
5,2020-05-01,31.57
5,2020-06-01,32.54
5,2020-07-01,44.16
5,2020-08-01,46.24
5,2020-09-01,52.09
5,2020-10-01,62.85
6,2020-01-01,84.38
6,2020-02-01,0
6,2020-03-01,38.01
6,2020-04-01,0
6,2020-05-01,0
6,2020-06-01,0
6,2020-07-01,29.74
6,2020-08-01,0
6,2020-09-01,0
6,2020-10-01,0
7,2020-01-01,21.62
7,2020-02-01,0
7,2020-03-01,40.46
7,2020-04-01,0
7,2020-05-01,1.24
7,2020-06-01,0
7,2020-07-01,24.47
7,2020-08-01,0
7,2020-09-01,0
7,2020-10-01,74.61
8,2020-01-01,43.43
8,2020-02-01,38.25
8,2020-03-01,39.31
8,2020-04-01,38.9
8,2020-05-01,30.81
8,2020-06-01,39.64
8,2020-07-01,38.21
8,2020-08-01,32.86
8,2020-09-01,33.58
8,2020-10-01,34.36
9,2020-01-01,60.26
9,2020-02-01,52.68
9,2020-03-01,55.56
9,2020-04-01,57.03
9,2020-05-01,51.06
9,2020-06-01,51.25
9,2020-07-01,59.34
9,2020-08-01,54.12
9,2020-09-01,49.22
9,2020-10-01,52.88
10,2020-01-01,0
10,2020-02-01,0
10,2020-03-01,44.82
10,2020-04-01,59.97
10,2020-05-01,53.04
10,2020-06-01,70.17
10,2020-07-01,59.99
10,2020-08-01,45.34
10,2020-09-01,39.49
10,2020-10-01,27.74
11,2020-01-01,0
11,2020-02-01,45.65
11,2020-03-01,45.77
11,2020-04-01,43.31
11,2020-05-01,45.61
11,2020-06-01,43.1
11,2020-07-01,43.12
11,2020-08-01,45.63
11,2020-09-01,47.41
11,2020-10-01,63.49
12,2020-01-01,46.39
12,2020-02-01,51.89
12,2020-03-01,46.96
12,2020-04-01,45.44
12,2020-05-01,47.37
12,2020-06-01,54.13
12,2020-07-01,47.99
12,2020-08-01,49.13
12,2020-09-01,43.39
12,2020-10-01,42.61
13,2020-01-01,0
13,2020-02-01,80.11
13,2020-03-01,0
13,2020-04-01,10.67
13,2020-05-01,0
13,2020-06-01,0
13,2020-07-01,0
13,2020-08-01,0
13,2020-09-01,0
13,2020-10-01,0
14,2020-01-01,0
14,2020-02-01,0
14,2020-03-01,45.92
14,2020-04-01,43.68
14,2020-05-01,44.74
14,2020-06-01,59.65
14,2020-07-01,45.67
14,2020-08-01,42.75
14,2020-09-01,43.31
14,2020-10-01,28.77
15,2020-01-01,0
15,2020-02-01,50.53
15,2020-03-01,58.24
15,2020-04-01,49.06
15,2020-05-01,58.22
15,2020-06-01,51.34
15,2020-07-01,60.95
15,2020-08-01,80.37
15,2020-09-01,36.63
15,2020-10-01,44.69
16,2020-01-01,0
16,2020-02-01,34.29
16,2020-03-01,43.45
16,2020-04-01,42.03
16,2020-05-01,44.03
16,2020-06-01,44.72
16,2020-07-01,47
16,2020-08-01,78.18
16,2020-09-01,25.05
16,2020-10-01,25.83
17,2020-01-01,56.88
17,2020-02-01,53.51
17,2020-03-01,51.02
17,2020-04-01,58.8
17,2020-05-01,53.62
17,2020-06-01,53.79
17,2020-07-01,53.09
17,2020-08-01,59.68
17,2020-09-01,51.53
17,2020-10-01,53.84
18,2020-01-01,44.87
18,2020-02-01,45.21
18,2020-03-01,47.06
18,2020-04-01,43.89
18,2020-05-01,47.09
18,2020-06-01,46.27
18,2020-07-01,49.2
18,2020-08-01,51.45
18,2020-09-01,44.21
18,2020-10-01,40.95
19,2020-01-01,64.99
19,2020-02-01,50.88
19,2020-03-01,51.05
19,2020-04-01,49.68
19,2020-05-01,50.7
19,2020-06-01,50.44
19,2020-07-01,61.03
19,2020-08-01,58.39
19,2020-09-01,59.32
19,2020-10-01,55.57
20,2020-01-01,0
20,2020-02-01,46.93
20,2020-03-01,41.27
20,2020-04-01,46.35
20,2020-05-01,52.3
20,2020-06-01,49.19
20,2020-07-01,51.61
20,2020-08-01,47.59
20,2020-09-01,44.91
20,2020-10-01,51.58
21,2020-01-01,49.38
21,2020-02-01,50.8
21,2020-03-01,60.88
21,2020-04-01,47.37
21,2020-05-01,57.29
21,2020-06-01,63.92
21,2020-07-01,47.19
21,2020-08-01,62.46
21,2020-09-01,57.7
21,2020-10-01,41.04
22,2020-01-01,43.02
22,2020-02-01,68.45
22,2020-03-01,49.16
22,2020-04-01,50.61
22,2020-05-01,39.59
22,2020-06-01,56.18
22,2020-07-01,38.53
22,2020-08-01,22.57
22,2020-09-01,48.09
22,2020-10-01,27.75
23,2020-01-01,87.41
23,2020-02-01,29.12
23,2020-03-01,0.47
23,2020-04-01,57.08
23,2020-05-01,0.55
23,2020-06-01,0
23,2020-07-01,0
23,2020-08-01,0
23,2020-09-01,0
23,2020-10-01,0
24,2020-01-01,57.33
24,2020-02-01,0
24,2020-03-01,48.42
24,2020-04-01,50.97
24,2020-05-01,52.19
24,2020-06-01,47.07
24,2020-07-01,72.52
24,2020-08-01,49.47
24,2020-09-01,51.13
24,2020-10-01,18.39
25,2020-01-01,0
25,2020-02-01,0
25,2020-03-01,0
25,2020-04-01,0
25,2020-05-01,0
25,2020-06-01,0
25,2020-07-01,0
25,2020-08-01,44.36
25,2020-09-01,50.53
25,2020-10-01,0
26,2020-01-01,0
26,2020-02-01,0
26,2020-03-01,38.61
26,2020-04-01,44.75
26,2020-05-01,0
26,2020-06-01,0
26,2020-07-01,36.05
26,2020-08-01,22.39
26,2020-09-01,95.64
26,2020-10-01,12.31
27,2020-01-01,0
27,2020-02-01,0
27,2020-03-01,7.57
27,2020-04-01,0
27,2020-05-01,0
27,2020-06-01,0
27,2020-07-01,0
27,2020-08-01,0
27,2020-09-01,0
27,2020-10-01,0
28,2020-01-01,0
28,2020-02-01,0
28,2020-03-01,47.92
28,2020-04-01,49.73
28,2020-05-01,66.9
28,2020-06-01,49.17
28,2020-07-01,46.1
28,2020-08-01,30.23
28,2020-09-01,51.96
28,2020-10-01,39.99
29,2020-01-01,36.73
29,2020-02-01,40.14
29,2020-03-01,33.66
29,2020-04-01,0
29,2020-05-01,0
29,2020-06-01,46.99
29,2020-07-01,2.32
29,2020-08-01,39.59
29,2020-09-01,80.38
29,2020-10-01,21.47
30,2020-01-01,74.6
30,2020-02-01,0
30,2020-03-01,0
30,2020-04-01,0
30,2020-05-01,0
30,2020-06-01,0
30,2020-07-01,41.22
30,2020-08-01,45.01
30,2020-09-01,95.32
30,2020-10-01,1.93
31,2020-01-01,0
31,2020-02-01,0
31,2020-03-01,46.78
31,2020-04-01,0
31,2020-05-01,0
31,2020-06-01,36.47
31,2020-07-01,68.57
31,2020-08-01,43.75
31,2020-09-01,0
31,2020-10-01,0
32,2020-01-01,0
32,2020-02-01,0
32,2020-03-01,0
32,2020-04-01,54.68
32,2020-05-01,48.04
32,2020-06-01,53.01
32,2020-07-01,46.04
32,2020-08-01,15.68
32,2020-09-01,36.29
32,2020-10-01,63.37
33,2020-01-01,0
33,2020-02-01,0
33,2020-03-01,58.69
33,2020-04-01,51.51
33,2020-05-01,48.47
33,2020-06-01,44.15
33,2020-07-01,43.27
33,2020-08-01,74.49
33,2020-09-01,9.99
33,2020-10-01,5.4
34,2020-01-01,63.71
34,2020-02-01,58.74
34,2020-03-01,52.73
34,2020-04-01,52.59
34,2020-05-01,45.79
34,2020-06-01,38.45
34,2020-07-01,0
34,2020-08-01,61.48
34,2020-09-01,0
34,2020-10-01,13.74
35,2020-01-01,0
35,2020-02-01,66.01
35,2020-03-01,58.72
35,2020-04-01,63.93
35,2020-05-01,58.25
35,2020-06-01,58.98
35,2020-07-01,53.24
35,2020-08-01,59.04
35,2020-09-01,62.05
35,2020-10-01,56.34
36,2020-01-01,0
36,2020-02-01,0
36,2020-03-01,0
36,2020-04-01,56.08
36,2020-05-01,74.7
36,2020-06-01,56.94
36,2020-07-01,72.71
36,2020-08-01,56.89
36,2020-09-01,68.27
36,2020-10-01,0
37,2020-01-01,68.66
37,2020-02-01,52.56
37,2020-03-01,46.41
37,2020-04-01,45.26
37,2020-05-01,73.68
37,2020-06-01,54.89
37,2020-07-01,78.86
37,2020-08-01,53.37
37,2020-09-01,0
37,2020-10-01,9.07
38,2020-01-01,0
38,2020-02-01,0
38,2020-03-01,0
38,2020-04-01,0
38,2020-05-01,70.75
38,2020-06-01,60.09
38,2020-07-01,39.29
38,2020-08-01,26.45
38,2020-09-01,0
38,2020-10-01,45.45
39,2020-01-01,0
39,2020-02-01,0
39,2020-03-01,0
39,2020-04-01,31.09
39,2020-05-01,28.9
39,2020-06-01,12.73
39,2020-07-01,0
39,2020-08-01,29.25
39,2020-09-01,20.88
39,2020-10-01,0
40,2020-01-01,53.26
40,2020-02-01,46.76
40,2020-03-01,49.48
40,2020-04-01,48.15
40,2020-05-01,47.78
40,2020-06-01,7.36
40,2020-07-01,43.46
40,2020-08-01,42.16
40,2020-09-01,53.22
40,2020-10-01,34.36
41,2020-01-01,55.36
41,2020-02-01,36.33
41,2020-03-01,57.62
41,2020-04-01,45.8
41,2020-05-01,46.64
41,2020-06-01,46.29
41,2020-07-01,51.25
41,2020-08-01,50.67
41,2020-09-01,49.61
41,2020-10-01,46.57
42,2020-01-01,48.96
42,2020-02-01,62.35
42,2020-03-01,40.25
42,2020-04-01,45.24
42,2020-05-01,32.32
42,2020-06-01,44.07
42,2020-07-01,54.02
42,2020-08-01,36.1
42,2020-09-01,40.95
42,2020-10-01,0
43,2020-01-01,52.24
43,2020-02-01,54.55
43,2020-03-01,52.19
43,2020-04-01,47.9
43,2020-05-01,50.81
43,2020-06-01,52.13
43,2020-07-01,53.45
43,2020-08-01,56.53
43,2020-09-01,46.97
43,2020-10-01,45.08
44,2020-01-01,43.12
44,2020-02-01,49.28
44,2020-03-01,42.69
44,2020-04-01,48.67
44,2020-05-01,55.17
44,2020-06-01,46.1
44,2020-07-01,45.51
44,2020-08-01,58.22
44,2020-09-01,42.93
44,2020-10-01,45.05
45,2020-01-01,0
45,2020-02-01,0
45,2020-03-01,44.53
45,2020-04-01,70.96
45,2020-05-01,69.73
45,2020-06-01,59.31
45,2020-07-01,61.61
45,2020-08-01,57.56
45,2020-09-01,37.74
45,2020-10-01,0
46,2020-01-01,55.12
46,2020-02-01,55.14
46,2020-03-01,58.15
46,2020-04-01,48.04
46,2020-05-01,36.56
46,2020-06-01,49.05
46,2020-07-01,73.22
46,2020-08-01,53.21
46,2020-09-01,91.41
46,2020-10-01,53.69
47,2020-01-01,0
47,2020-02-01,0
47,2020-03-01,0
47,2020-04-01,39.44
47,2020-05-01,76.95
47,2020-06-01,32.16
47,2020-07-01,0
47,2020-08-01,0
47,2020-09-01,0
47,2020-10-01,0
48,2020-01-01,0
48,2020-02-01,0
48,2020-03-01,37.04
48,2020-04-01,50.34
48,2020-05-01,50.05
48,2020-06-01,30.14
48,2020-07-01,27.13
48,2020-08-01,45.76
48,2020-09-01,39.86
48,2020-10-01,19.45
49,2020-01-01,12.91
49,2020-02-01,0
49,2020-03-01,20.86
49,2020-04-01,10.96
49,2020-05-01,37.61
49,2020-06-01,17.84
49,2020-07-01,54.52
49,2020-08-01,0
49,2020-09-01,0
49,2020-10-01,0
50,2020-01-01,52.6
50,2020-02-01,52.18
50,2020-03-01,54.85
50,2020-04-01,50.63
50,2020-05-01,43.89
50,2020-06-01,51.12
50,2020-07-01,43.66
50,2020-08-01,54.79
50,2020-09-01,48.51
50,2020-10-01,51.44
51,2020-01-01,54.27
51,2020-02-01,50.92
51,2020-03-01,51.95
51,2020-04-01,45.06
51,2020-05-01,53.4
51,2020-06-01,49.36
51,2020-07-01,51.16
51,2020-08-01,49.17
51,2020-09-01,48.4
51,2020-10-01,48.16
52,2020-01-01,54.63
52,2020-02-01,52.53
52,2020-03-01,48.97
52,2020-04-01,48.17
52,2020-05-01,56.67
52,2020-06-01,43.23
52,2020-07-01,50.35
52,2020-08-01,51.2
52,2020-09-01,47.67
52,2020-10-01,45.17
53,2020-01-01,26.55
53,2020-02-01,39.55
53,2020-03-01,9.65
53,2020-04-01,69.56
53,2020-05-01,0
53,2020-06-01,0
53,2020-07-01,41.28
53,2020-08-01,21.59
53,2020-09-01,37.15
53,2020-10-01,0
54,2020-01-01,0
54,2020-02-01,39.14
54,2020-03-01,56.59
54,2020-04-01,47.91
54,2020-05-01,53.69
54,2020-06-01,54.25
54,2020-07-01,48.51
54,2020-08-01,50.24
54,2020-09-01,2.83
54,2020-10-01,51.74
55,2020-01-01,24.61
55,2020-02-01,92.41
55,2020-03-01,36.33
55,2020-04-01,0
55,2020-05-01,36.74
55,2020-06-01,77.27
55,2020-07-01,41.78
55,2020-08-01,0
55,2020-09-01,0
55,2020-10-01,48.25
56,2020-01-01,60.93
56,2020-02-01,0
56,2020-03-01,64.81
56,2020-04-01,0
56,2020-05-01,0
56,2020-06-01,58.88
56,2020-07-01,0
56,2020-08-01,0
56,2020-09-01,0
56,2020-10-01,52.61
57,2020-01-01,61.03
57,2020-02-01,32.11
57,2020-03-01,47.18
57,2020-04-01,0
57,2020-05-01,18.37
57,2020-06-01,0
57,2020-07-01,68.66
57,2020-08-01,23.62
57,2020-09-01,0
57,2020-10-01,0
58,2020-01-01,0
58,2020-02-01,0
58,2020-03-01,0
58,2020-04-01,0
58,2020-05-01,0
58,2020-06-01,0
58,2020-07-01,0
58,2020-08-01,0
58,2020-09-01,0
58,2020-10-01,0
59,2020-01-01,0
59,2020-02-01,47.86
59,2020-03-01,75.64
59,2020-04-01,71.57
59,2020-05-01,86.83
59,2020-06-01,33.36
59,2020-07-01,18.26
59,2020-08-01,27.2
59,2020-09-01,0
59,2020-10-01,0
60,2020-01-01,18.98
60,2020-02-01,54.13
60,2020-03-01,3.63
60,2020-04-01,78.95
60,2020-05-01,0
60,2020-06-01,71.47
60,2020-07-01,41.38
60,2020-08-01,0
60,2020-09-01,0
60,2020-10-01,16.15
61,2020-01-01,0
61,2020-02-01,0
61,2020-03-01,0
61,2020-04-01,0
61,2020-05-01,36.37
61,2020-06-01,55.61
61,2020-07-01,45.57
61,2020-08-01,54.61
61,2020-09-01,33.9
61,2020-10-01,40.61
62,2020-01-01,54.33
62,2020-02-01,46.74
62,2020-03-01,54
62,2020-04-01,53.15
62,2020-05-01,48.58
62,2020-06-01,48.02
62,2020-07-01,44.59
62,2020-08-01,47.68
62,2020-09-01,48.41
62,2020-10-01,52.16
63,2020-01-01,0
63,2020-02-01,30.23
63,2020-03-01,41.84
63,2020-04-01,0
63,2020-05-01,15.97
63,2020-06-01,0
63,2020-07-01,0
63,2020-08-01,0
63,2020-09-01,38.3
63,2020-10-01,0
64,2020-01-01,0
64,2020-02-01,0
64,2020-03-01,0
64,2020-04-01,41.62
64,2020-05-01,31.41
64,2020-06-01,0
64,2020-07-01,0
64,2020-08-01,44.66
64,2020-09-01,1.66
64,2020-10-01,0
65,2020-01-01,0
65,2020-02-01,0
65,2020-03-01,0
65,2020-04-01,0
65,2020-05-01,0
65,2020-06-01,31.92
65,2020-07-01,31.15
65,2020-08-01,4.57
65,2020-09-01,0
65,2020-10-01,40.12
66,2020-01-01,56.45
66,2020-02-01,42.31
66,2020-03-01,50.31
66,2020-04-01,31.16
66,2020-05-01,50.15
66,2020-06-01,31.43
66,2020-07-01,39.29
66,2020-08-01,52.21
66,2020-09-01,33.18
66,2020-10-01,39.03
67,2020-01-01,0
67,2020-02-01,43.67
67,2020-03-01,43.17
67,2020-04-01,44.89
67,2020-05-01,50.45
67,2020-06-01,42.79
67,2020-07-01,40.98
67,2020-08-01,48.86
67,2020-09-01,36.15
67,2020-10-01,31.52
68,2020-01-01,95.55
68,2020-02-01,0
68,2020-03-01,0
68,2020-04-01,0
68,2020-05-01,0
68,2020-06-01,37.17
68,2020-07-01,12.09
68,2020-08-01,0
68,2020-09-01,0
68,2020-10-01,0
69,2020-01-01,45.84
69,2020-02-01,52.23
69,2020-03-01,53.41
69,2020-04-01,50.8
69,2020-05-01,53.4
69,2020-06-01,47.18
69,2020-07-01,51.36
69,2020-08-01,46.73
69,2020-09-01,55.69
69,2020-10-01,50.22
70,2020-01-01,64.73
70,2020-02-01,66.67
70,2020-03-01,56.01
70,2020-04-01,62.85
70,2020-05-01,53.69
70,2020-06-01,62.72
70,2020-07-01,61.84
70,2020-08-01,71.09
70,2020-09-01,49.22
70,2020-10-01,73.29
71,2020-01-01,56.89
71,2020-02-01,52.31
71,2020-03-01,60.22
71,2020-04-01,51.38
71,2020-05-01,53.77
71,2020-06-01,88.38
71,2020-07-01,70.64
71,2020-08-01,67.53
71,2020-09-01,70.56
71,2020-10-01,52.93
72,2020-01-01,72.47
72,2020-02-01,64.41
72,2020-03-01,48.08
72,2020-04-01,66.06
72,2020-05-01,77.94
72,2020-06-01,64.55
72,2020-07-01,0
72,2020-08-01,78.98
72,2020-09-01,12.29
72,2020-10-01,0
73,2020-01-01,55.68
73,2020-02-01,52
73,2020-03-01,36.88
73,2020-04-01,26.72
73,2020-05-01,0
73,2020-06-01,62.5
73,2020-07-01,36.48
73,2020-08-01,38.96
73,2020-09-01,0
73,2020-10-01,0
74,2020-01-01,39.2
74,2020-02-01,0
74,2020-03-01,0
74,2020-04-01,34.51
74,2020-05-01,73.15
74,2020-06-01,29.56
74,2020-07-01,48.52
74,2020-08-01,0
74,2020-09-01,0
74,2020-10-01,12.06
75,2020-01-01,55.07
75,2020-02-01,35.84
75,2020-03-01,17.94
75,2020-04-01,37.18
75,2020-05-01,32.7
75,2020-06-01,0
75,2020-07-01,90.86
75,2020-08-01,0
75,2020-09-01,0
75,2020-10-01,0
76,2020-01-01,0
76,2020-02-01,52.46
76,2020-03-01,0
76,2020-04-01,0
76,2020-05-01,68.11
76,2020-06-01,53.7
76,2020-07-01,68.59
76,2020-08-01,0
76,2020-09-01,0
76,2020-10-01,0
77,2020-01-01,0
77,2020-02-01,0
77,2020-03-01,30.44
77,2020-04-01,47.76
77,2020-05-01,58.6
77,2020-06-01,27.57
77,2020-07-01,51
77,2020-08-01,19.13
77,2020-09-01,51.77
77,2020-10-01,32.79
78,2020-01-01,23.39
78,2020-02-01,0
78,2020-03-01,0
78,2020-04-01,0
78,2020-05-01,0
78,2020-06-01,0
78,2020-07-01,0
78,2020-08-01,0
78,2020-09-01,10.43
78,2020-10-01,0
79,2020-01-01,47.91
79,2020-02-01,71.13
79,2020-03-01,56.34
79,2020-04-01,65.42
79,2020-05-01,58.04
79,2020-06-01,55.52
79,2020-07-01,61.44
79,2020-08-01,79.31
79,2020-09-01,49.49
79,2020-10-01,55
80,2020-01-01,48.08
80,2020-02-01,48.03
80,2020-03-01,47.86
80,2020-04-01,51.55
80,2020-05-01,48.62
80,2020-06-01,49.64
80,2020-07-01,55.49
80,2020-08-01,50
80,2020-09-01,51.11
80,2020-10-01,38.08
81,2020-01-01,0
81,2020-02-01,0
81,2020-03-01,0
81,2020-04-01,0
81,2020-05-01,0
81,2020-06-01,0
81,2020-07-01,96.89
81,2020-08-01,0
81,2020-09-01,0
81,2020-10-01,0
82,2020-01-01,99.3
82,2020-02-01,0
82,2020-03-01,0
82,2020-04-01,0
82,2020-05-01,0
82,2020-06-01,52.57
82,2020-07-01,61.1
82,2020-08-01,40.82
82,2020-09-01,0
82,2020-10-01,0
83,2020-01-01,0
83,2020-02-01,4.5
83,2020-03-01,1.67
83,2020-04-01,0
83,2020-05-01,0
83,2020-06-01,0
83,2020-07-01,0
83,2020-08-01,8.91
83,2020-09-01,0
83,2020-10-01,0
84,2020-01-01,0
84,2020-02-01,0
84,2020-03-01,0
84,2020-04-01,0
84,2020-05-01,0
84,2020-06-01,0
84,2020-07-01,0
84,2020-08-01,0
84,2020-09-01,0
84,2020-10-01,66.71
85,2020-01-01,0
85,2020-02-01,0
85,2020-03-01,60.5
85,2020-04-01,59
85,2020-05-01,17.93
85,2020-06-01,31.09
85,2020-07-01,18.36
85,2020-08-01,62.84
85,2020-09-01,89.12
85,2020-10-01,0
86,2020-01-01,0
86,2020-02-01,0
86,2020-03-01,0
86,2020-04-01,0
86,2020-05-01,0
86,2020-06-01,95.17
86,2020-07-01,0
86,2020-08-01,38.23
86,2020-09-01,42.84
86,2020-10-01,0
87,2020-01-01,0
87,2020-02-01,0
87,2020-03-01,0
87,2020-04-01,0
87,2020-05-01,0
87,2020-06-01,65.4
87,2020-07-01,81.22
87,2020-08-01,0
87,2020-09-01,62.6
87,2020-10-01,0
88,2020-01-01,42.1
88,2020-02-01,42.59
88,2020-03-01,42.01
88,2020-04-01,41.04
88,2020-05-01,48.98
88,2020-06-01,51.69
88,2020-07-01,40.02
88,2020-08-01,46.17
88,2020-09-01,43.19
88,2020-10-01,43.77
89,2020-01-01,39.45
89,2020-02-01,0
89,2020-03-01,1.45
89,2020-04-01,41.8
89,2020-05-01,12.11
89,2020-06-01,0
89,2020-07-01,33.67
89,2020-08-01,0
89,2020-09-01,0
89,2020-10-01,18.96
90,2020-01-01,0
90,2020-02-01,0
90,2020-03-01,0
90,2020-04-01,0
90,2020-05-01,44.49
90,2020-06-01,0
90,2020-07-01,93.13
90,2020-08-01,0
90,2020-09-01,64.89
90,2020-10-01,50.57
91,2020-01-01,58.54
91,2020-02-01,45.35
91,2020-03-01,53.06
91,2020-04-01,54.08
91,2020-05-01,48.11
91,2020-06-01,0
91,2020-07-01,0
91,2020-08-01,45.51
91,2020-09-01,39.1
91,2020-10-01,21.46
92,2020-01-01,0
92,2020-02-01,0
92,2020-03-01,31.96
92,2020-04-01,0
92,2020-05-01,0
92,2020-06-01,0
92,2020-07-01,22.88
92,2020-08-01,59.24
92,2020-09-01,59.44
92,2020-10-01,52.28
93,2020-01-01,52.19
93,2020-02-01,45.45
93,2020-03-01,39.72
93,2020-04-01,46.29
93,2020-05-01,38.47
93,2020-06-01,23.96
93,2020-07-01,41.99
93,2020-08-01,42.19
93,2020-09-01,48.67
93,2020-10-01,60.76
5001,2020-01-01,0
5001,2020-02-01,0
5001,2020-03-01,0
5001,2020-04-01,0
5001,2020-05-01,0
5001,2020-06-01,0
5001,2020-07-01,0
5001,2020-08-01,0
5001,2020-09-01,0
5001,2020-10-01,0
5002,2020-01-01,0
5002,2020-02-01,0
5002,2020-03-01,0
5002,2020-04-01,0
5002,2020-05-01,0
5002,2020-06-01,0
5002,2020-07-01,0
5002,2020-08-01,0
5002,2020-09-01,0
5002,2020-10-01,0
5003,2020-01-01,0
5003,2020-02-01,0
5003,2020-03-01,0
5003,2020-04-01,0
5003,2020-05-01,0
5003,2020-06-01,0
5003,2020-07-01,0
5003,2020-08-01,0
5003,2020-09-01,0
5003,2020-10-01,0
5004,2020-01-01,0
5004,2020-02-01,0
5004,2020-03-01,0
5004,2020-04-01,0
5004,2020-05-01,0
5004,2020-06-01,0
5004,2020-07-01,0
5004,2020-08-01,0
5004,2020-09-01,0
5004,2020-10-01,0
5005,2020-01-01,0
5005,2020-02-01,0
5005,2020-03-01,0
5005,2020-04-01,0
5005,2020-05-01,0
5005,2020-06-01,0
5005,2020-07-01,0
5005,2020-08-01,0
5005,2020-09-01,0
5005,2020-10-01,0
5005,2020-01-01,0
5005,2020-02-01,0
5005,2020-03-01,0
5005,2020-04-01,0
5005,2020-05-01,0
5005,2020-06-01,0
5005,2020-07-01,0
5005,2020-08-01,0
5005,2020-09-01,0
5005,2020-10-01,0
5006,2020-01-01,0
5006,2020-02-01,0
5006,2020-03-01,0
5006,2020-04-01,0
5006,2020-05-01,0
5006,2020-06-01,0
5006,2020-07-01,0
5006,2020-08-01,0
5006,2020-09-01,0
5006,2020-10-01,1.67
5008,2020-01-01,0
5008,2020-02-01,0
5008,2020-03-01,0
5008,2020-04-01,0
5008,2020-05-01,0
5008,2020-06-01,0
5008,2020-07-01,0
5008,2020-08-01,0
5008,2020-09-01,0
5008,2020-10-01,0
5009,2020-01-01,0
5009,2020-02-01,0
5009,2020-03-01,0
5009,2020-04-01,0
5009,2020-05-01,0
5009,2020-06-01,0
5009,2020-07-01,0
5009,2020-08-01,0
5009,2020-09-01,0
5009,2020-10-01,0
5010,2020-01-01,0
5010,2020-02-01,0
5010,2020-03-01,0
5010,2020-04-01,0
5010,2020-05-01,0
5010,2020-06-01,0
5010,2020-07-01,0
5010,2020-08-01,0
5010,2020-09-01,0
5010,2020-10-01,0
5011,2020-01-01,0
5011,2020-02-01,0
5011,2020-03-01,0
5011,2020-04-01,0
5011,2020-05-01,0
5011,2020-06-01,0
5011,2020-07-01,0
5011,2020-08-01,0
5011,2020-09-01,0
5011,2020-10-01,0
5012,2020-01-01,0
5012,2020-02-01,0
5012,2020-03-01,0
5012,2020-04-01,0
5012,2020-05-01,0
5012,2020-06-01,0
5012,2020-07-01,0
5012,2020-08-01,0
5012,2020-09-01,0
5012,2020-10-01,0
5013,2020-01-01,0
5013,2020-02-01,0
5013,2020-03-01,0
5013,2020-04-01,0
5013,2020-05-01,0
5013,2020-06-01,0
5013,2020-07-01,0
5013,2020-08-01,0
5013,2020-09-01,0
5013,2020-10-01,0
5014,2020-01-01,0
5014,2020-02-01,0
5014,2020-03-01,0
5014,2020-04-01,0
5014,2020-05-01,0
5014,2020-06-01,0
5014,2020-07-01,0
5014,2020-08-01,0
5014,2020-09-01,0
5014,2020-10-01,0
5016,2020-01-01,0
5016,2020-02-01,0
5016,2020-03-01,0
5016,2020-04-01,0
5016,2020-05-01,0
5016,2020-06-01,0
5016,2020-07-01,0
5016,2020-08-01,0
5016,2020-09-01,0
5016,2020-10-01,0
5017,2020-01-01,0
5017,2020-02-01,0
5017,2020-03-01,0
5017,2020-04-01,0
5017,2020-05-01,0
5017,2020-06-01,0
5017,2020-07-01,0
5017,2020-08-01,0
5017,2020-09-01,0
5017,2020-10-01,0
5018,2020-01-01,0
5018,2020-02-01,0
5018,2020-03-01,0
5018,2020-04-01,0
5018,2020-05-01,0
5018,2020-06-01,0
5018,2020-07-01,0
5018,2020-08-01,0
5018,2020-09-01,0
5018,2020-10-01,0
5019,2020-01-01,0
5019,2020-02-01,0
5019,2020-03-01,0
5019,2020-04-01,0
5019,2020-05-01,0
5019,2020-06-01,0
5019,2020-07-01,0
5019,2020-08-01,0
5019,2020-09-01,0
5019,2020-10-01,0
5020,2020-01-01,0
5020,2020-02-01,0
5020,2020-03-01,0
5020,2020-04-01,0
5020,2020-05-01,0
5020,2020-06-01,0
5020,2020-07-01,0
5020,2020-08-01,0
5020,2020-09-01,0
5020,2020-10-01,0
5021,2020-01-01,0
5021,2020-02-01,0
5021,2020-03-01,0
5021,2020-04-01,0
5021,2020-05-01,0
5021,2020-06-01,41.06
5021,2020-07-01,0
5021,2020-08-01,0
5021,2020-09-01,0
5021,2020-10-01,0
5022,2020-01-01,0
5022,2020-02-01,0
5022,2020-03-01,0
5022,2020-04-01,0
5022,2020-05-01,0
5022,2020-06-01,0
5022,2020-07-01,0
5022,2020-08-01,0
5022,2020-09-01,0
5022,2020-10-01,0
5023,2020-01-01,0
5023,2020-02-01,0
5023,2020-03-01,0
5023,2020-04-01,0
5023,2020-05-01,0
5023,2020-06-01,0
5023,2020-07-01,0
5023,2020-08-01,0
5023,2020-09-01,0
5023,2020-10-01,0
5024,2020-01-01,0
5024,2020-02-01,0
5024,2020-03-01,0
5024,2020-04-01,0
5024,2020-05-01,0
5024,2020-06-01,0
5024,2020-07-01,0
5024,2020-08-01,0
5024,2020-09-01,0
5024,2020-10-01,0
5025,2020-01-01,0
5025,2020-02-01,0
5025,2020-03-01,0
5025,2020-04-01,0
5025,2020-05-01,0
5025,2020-06-01,0
5025,2020-07-01,0
5025,2020-08-01,0
5025,2020-09-01,0
5025,2020-10-01,0
5026,2020-01-01,0
5026,2020-02-01,0
5026,2020-03-01,0
5026,2020-04-01,0
5026,2020-05-01,0
5026,2020-06-01,0
5026,2020-07-01,0
5026,2020-08-01,0
5026,2020-09-01,0
5026,2020-10-01,0
5027,2020-01-01,0
5027,2020-02-01,0
5027,2020-03-01,0
5027,2020-04-01,0
5027,2020-05-01,0
5027,2020-06-01,0
5027,2020-07-01,0
5027,2020-08-01,0
5027,2020-09-01,0
5027,2020-10-01,0
5028,2020-01-01,0
5028,2020-02-01,0
5028,2020-03-01,0
5028,2020-04-01,0
5028,2020-05-01,0
5028,2020-06-01,0
5028,2020-07-01,0
5028,2020-08-01,0
5028,2020-09-01,0
5028,2020-10-01,0
5029,2020-01-01,0
5029,2020-02-01,0
5029,2020-03-01,0
5029,2020-04-01,0
5029,2020-05-01,0
5029,2020-06-01,0
5029,2020-07-01,0
5029,2020-08-01,0
5029,2020-09-01,0
5029,2020-10-01,0
5030,2020-01-01,0
5030,2020-02-01,0
5030,2020-03-01,0
5030,2020-04-01,0
5030,2020-05-01,0
5030,2020-06-01,0
5030,2020-07-01,0
5030,2020-08-01,0
5030,2020-09-01,0
5030,2020-10-01,0
5031,2020-01-01,0
5031,2020-02-01,0
5031,2020-03-01,0
5031,2020-04-01,0
5031,2020-05-01,0
5031,2020-06-01,0
5031,2020-07-01,0
5031,2020-08-01,0
5031,2020-09-01,0
5031,2020-10-01,0
501,2020-01-01,0
501,2020-02-01,46.43
501,2020-03-01,54.46
501,2020-04-01,32.49
501,2020-05-01,39.11
501,2020-06-01,36.13
501,2020-07-01,75.59
501,2020-08-01,15.48
501,2020-09-01,12.06
501,2020-10-01,37.26
502,2020-01-01,4.33
502,2020-02-01,32.25
502,2020-03-01,0
502,2020-04-01,18.81
502,2020-05-01,41.96
502,2020-06-01,0
502,2020-07-01,30.79
502,2020-08-01,0
502,2020-09-01,51.68
502,2020-10-01,0
503,2020-01-01,0
503,2020-02-01,55.94
503,2020-03-01,53.18
503,2020-04-01,60.93
503,2020-05-01,61.76
503,2020-06-01,35.5
503,2020-07-01,34.11
503,2020-08-01,57.9
503,2020-09-01,57.48
503,2020-10-01,68.58
504,2020-01-01,0
504,2020-02-01,21.86
504,2020-03-01,0
504,2020-04-01,5.15
504,2020-05-01,0
504,2020-06-01,0
504,2020-07-01,0
504,2020-08-01,0
504,2020-09-01,0
504,2020-10-01,0
505,2020-01-01,57.09
505,2020-02-01,25.34
505,2020-03-01,0
505,2020-04-01,73.35
505,2020-05-01,58.87
505,2020-06-01,0
505,2020-07-01,0
505,2020-08-01,25.54
505,2020-09-01,0
505,2020-10-01,0
506,2020-01-01,42.33
506,2020-02-01,45.5
506,2020-03-01,47.66
506,2020-04-01,46.42
506,2020-05-01,41.91
506,2020-06-01,46.34
506,2020-07-01,52.1
506,2020-08-01,52.53
506,2020-09-01,40.15
506,2020-10-01,42.67
507,2020-01-01,7.28
507,2020-02-01,0
507,2020-03-01,0
507,2020-04-01,1.63
507,2020-05-01,0
507,2020-06-01,0
507,2020-07-01,49.54
507,2020-08-01,0
507,2020-09-01,0
507,2020-10-01,0
508,2020-01-01,0
508,2020-02-01,0
508,2020-03-01,0
508,2020-04-01,0
508,2020-05-01,0
508,2020-06-01,0
508,2020-07-01,0
508,2020-08-01,0
508,2020-09-01,0
508,2020-10-01,0
509,2020-01-01,42.33
509,2020-02-01,62.95
509,2020-03-01,46.63
509,2020-04-01,79.61
509,2020-05-01,58.08
509,2020-06-01,31.86
509,2020-07-01,35.7
509,2020-08-01,0
509,2020-09-01,62.35
509,2020-10-01,54.38
510,2020-01-01,64.88
510,2020-02-01,66.22
510,2020-03-01,71.21
510,2020-04-01,55.76
510,2020-05-01,47.07
510,2020-06-01,49.59
510,2020-07-01,76.69
510,2020-08-01,50.08
510,2020-09-01,49.97
510,2020-10-01,0
511,2020-01-01,39.99
511,2020-02-01,60
511,2020-03-01,95.72
511,2020-04-01,0
511,2020-05-01,45.44
511,2020-06-01,0
511,2020-07-01,41.62
511,2020-08-01,0
511,2020-09-01,0
511,2020-10-01,0
512,2020-01-01,0
512,2020-02-01,45.11
512,2020-03-01,0
512,2020-04-01,0
512,2020-05-01,0
512,2020-06-01,23.37
512,2020-07-01,0
512,2020-08-01,0
512,2020-09-01,0
512,2020-10-01,0
513,2020-01-01,54.43
513,2020-02-01,73.48
513,2020-03-01,30.51
513,2020-04-01,45.45
513,2020-05-01,0
513,2020-06-01,97.02
513,2020-07-01,0
513,2020-08-01,0
513,2020-09-01,0
513,2020-10-01,0
514,2020-01-01,0
514,2020-02-01,51.58
514,2020-03-01,59.92
514,2020-04-01,44.34
514,2020-05-01,0
514,2020-06-01,78.32
514,2020-07-01,65.83
514,2020-08-01,14.67
514,2020-09-01,41.51
514,2020-10-01,14.21
515,2020-01-01,0
515,2020-02-01,63.62
515,2020-03-01,0
515,2020-04-01,0
515,2020-05-01,0
515,2020-06-01,0
515,2020-07-01,0
515,2020-08-01,0
515,2020-09-01,0
515,2020-10-01,0
516,2020-01-01,25.1
516,2020-02-01,45.67
516,2020-03-01,0
516,2020-04-01,54.05
516,2020-05-01,24.89
516,2020-06-01,0
516,2020-07-01,99.1
516,2020-08-01,10.16
516,2020-09-01,0
516,2020-10-01,0
517,2020-01-01,64.32
517,2020-02-01,39.52
517,2020-03-01,0
517,2020-04-01,0
517,2020-05-01,14.4
517,2020-06-01,0
517,2020-07-01,0
517,2020-08-01,0
517,2020-09-01,0
517,2020-10-01,0
518,2020-01-01,54.41
518,2020-02-01,44.67
518,2020-03-01,74.63
518,2020-04-01,0
518,2020-05-01,0
518,2020-06-01,8.53
518,2020-07-01,95.56
518,2020-08-01,0
518,2020-09-01,0
518,2020-10-01,0
519,2020-01-01,46.88
519,2020-02-01,46.94
519,2020-03-01,48.91
519,2020-04-01,45.36
519,2020-05-01,50.1
519,2020-06-01,63.14
519,2020-07-01,49.34
519,2020-08-01,29.12
519,2020-09-01,34.11
519,2020-10-01,6.46
520,2020-01-01,62.67
520,2020-02-01,69.63
520,2020-03-01,45.39
520,2020-04-01,53.78
520,2020-05-01,50.45
520,2020-06-01,54.09
520,2020-07-01,62.28
520,2020-08-01,45.43
520,2020-09-01,96.55
520,2020-10-01,42.74
521,2020-01-01,60.72
521,2020-02-01,39.57
521,2020-03-01,33.07
521,2020-04-01,52.66
521,2020-05-01,36.52
521,2020-06-01,14.3
521,2020-07-01,36.39
521,2020-08-01,21.55
521,2020-09-01,73.24
521,2020-10-01,17.43
522,2020-01-01,46.55
522,2020-02-01,60
522,2020-03-01,53.86
522,2020-04-01,53.7
522,2020-05-01,36.2
522,2020-06-01,42.88
522,2020-07-01,43.85
522,2020-08-01,53.49
522,2020-09-01,46.07
522,2020-10-01,43.9
523,2020-01-01,0
523,2020-02-01,0
523,2020-03-01,16.86
523,2020-04-01,0
523,2020-05-01,0
523,2020-06-01,0
523,2020-07-01,0
523,2020-08-01,0
523,2020-09-01,0
523,2020-10-01,0
524,2020-01-01,41.69
524,2020-02-01,59.07
524,2020-03-01,46.44
524,2020-04-01,36.3
524,2020-05-01,47.3
524,2020-06-01,47.97
524,2020-07-01,73.04
524,2020-08-01,56.59
524,2020-09-01,14.96
524,2020-10-01,0
526,2020-01-01,45.47
526,2020-02-01,28.43
526,2020-03-01,8.96
526,2020-04-01,0
526,2020-05-01,0
526,2020-06-01,62.63
526,2020-07-01,48.26
526,2020-08-01,43.22
526,2020-09-01,29.37
526,2020-10-01,0
527,2020-01-01,47.45
527,2020-02-01,36.26
527,2020-03-01,73.86
527,2020-04-01,44.83
527,2020-05-01,93.52
527,2020-06-01,36.41
527,2020-07-01,52.42
527,2020-08-01,48.49
527,2020-09-01,34.67
527,2020-10-01,0
528,2020-01-01,0
528,2020-02-01,32.09
528,2020-03-01,55.18
528,2020-04-01,60.28
528,2020-05-01,38.9
528,2020-06-01,0
528,2020-07-01,15.21
528,2020-08-01,62.94
528,2020-09-01,42.43
528,2020-10-01,0
529,2020-01-01,35.08
529,2020-02-01,36.62
529,2020-03-01,50.13
529,2020-04-01,40.59
529,2020-05-01,11.88
529,2020-06-01,0
529,2020-07-01,20.5
529,2020-08-01,55.18
529,2020-09-01,28.32
529,2020-10-01,0
530,2020-01-01,0
530,2020-02-01,0
530,2020-03-01,0
530,2020-04-01,0
530,2020-05-01,0
530,2020-06-01,0
530,2020-07-01,0
530,2020-08-01,0
530,2020-09-01,0
530,2020-10-01,0
531,2020-01-01,15.72
531,2020-02-01,0
531,2020-03-01,0
531,2020-04-01,32.54
531,2020-05-01,17.96
531,2020-06-01,0
531,2020-07-01,0
531,2020-08-01,0
531,2020-09-01,0
531,2020-10-01,0
532,2020-01-01,26.62
532,2020-02-01,33.1
532,2020-03-01,0
532,2020-04-01,67.5
532,2020-05-01,0
532,2020-06-01,0
532,2020-07-01,32.79
532,2020-08-01,23.15
532,2020-09-01,0
532,2020-10-01,0
533,2020-01-01,57.98
533,2020-02-01,0
533,2020-03-01,89
533,2020-04-01,39.52
533,2020-05-01,52.88
533,2020-06-01,93.94
533,2020-07-01,0
533,2020-08-01,0
533,2020-09-01,66.43
533,2020-10-01,0
534,2020-01-01,54.55
534,2020-02-01,51.83
534,2020-03-01,46.28
534,2020-04-01,51.8
534,2020-05-01,38.27
534,2020-06-01,66.95
534,2020-07-01,49.62
534,2020-08-01,51.3
534,2020-09-01,56.24
534,2020-10-01,46.29
535,2020-01-01,0
535,2020-02-01,40.72
535,2020-03-01,43.51
535,2020-04-01,27.36
535,2020-05-01,42.48
535,2020-06-01,49.59
535,2020-07-01,83.9
535,2020-08-01,53.47
535,2020-09-01,55.99
535,2020-10-01,0
536,2020-01-01,62.17
536,2020-02-01,35.19
536,2020-03-01,31.93
536,2020-04-01,33.59
536,2020-05-01,41.18
536,2020-06-01,92.54
536,2020-07-01,0
536,2020-08-01,29.63
536,2020-09-01,37.3
536,2020-10-01,54.27
537,2020-01-01,0
537,2020-02-01,0
537,2020-03-01,0
537,2020-04-01,49.16
537,2020-05-01,0
537,2020-06-01,44.95
537,2020-07-01,62.54
537,2020-08-01,50.7
537,2020-09-01,0
537,2020-10-01,98.43
538,2020-01-01,48.59
538,2020-02-01,50.27
538,2020-03-01,48.53
538,2020-04-01,55.95
538,2020-05-01,20.18
538,2020-06-01,34.38
538,2020-07-01,35.77
538,2020-08-01,54.4
538,2020-09-01,57.47
538,2020-10-01,0
539,2020-01-01,33.3
539,2020-02-01,44.72
539,2020-03-01,56.1
539,2020-04-01,82.94
539,2020-05-01,0
539,2020-06-01,37.43
539,2020-07-01,0
539,2020-08-01,0
539,2020-09-01,0
539,2020-10-01,0
540,2020-01-01,43.61
540,2020-02-01,43.39
540,2020-03-01,0
540,2020-04-01,41.84
540,2020-05-01,66.31
540,2020-06-01,38.1
540,2020-07-01,0
540,2020-08-01,33.31
540,2020-09-01,0
540,2020-10-01,0
541,2020-01-01,0
541,2020-02-01,47.8
541,2020-03-01,26.58
541,2020-04-01,48.65
541,2020-05-01,49.34
541,2020-06-01,13.69
541,2020-07-01,58.89
541,2020-08-01,22.36
541,2020-09-01,13.06
541,2020-10-01,0
542,2020-01-01,0
542,2020-02-01,10.2
542,2020-03-01,0
542,2020-04-01,0
542,2020-05-01,0
542,2020-06-01,0
542,2020-07-01,0
542,2020-08-01,0
542,2020-09-01,0
542,2020-10-01,0
543,2020-01-01,0
543,2020-02-01,0
543,2020-03-01,0
543,2020-04-01,45.48
543,2020-05-01,0
543,2020-06-01,0
543,2020-07-01,0
543,2020-08-01,0
543,2020-09-01,0
543,2020-10-01,0
544,2020-01-01,0
544,2020-02-01,0
544,2020-03-01,0
544,2020-04-01,0
544,2020-05-01,0
544,2020-06-01,0
544,2020-07-01,6.82
544,2020-08-01,45.45
544,2020-09-01,0
544,2020-10-01,0
545,2020-01-01,65.34
545,2020-02-01,34.76
545,2020-03-01,47.01
545,2020-04-01,45.14
545,2020-05-01,50.28
545,2020-06-01,53.12
545,2020-07-01,50.95
545,2020-08-01,52.98
545,2020-09-01,43.97
545,2020-10-01,53.15
546,2020-01-01,5.79
546,2020-02-01,0
546,2020-03-01,24.29
546,2020-04-01,0
546,2020-05-01,0
546,2020-06-01,0
546,2020-07-01,0
546,2020-08-01,0
546,2020-09-01,5.35
546,2020-10-01,0
547,2020-01-01,5.43
547,2020-02-01,54.4
547,2020-03-01,74.45
547,2020-04-01,0
547,2020-05-01,0
547,2020-06-01,0
547,2020-07-01,0
547,2020-08-01,46.25
547,2020-09-01,0
547,2020-10-01,21.98
548,2020-01-01,0
548,2020-02-01,0
548,2020-03-01,0
548,2020-04-01,0
548,2020-05-01,36.14
548,2020-06-01,32.9
548,2020-07-01,0.18
548,2020-08-01,56.97
548,2020-09-01,0.59
548,2020-10-01,0
549,2020-01-01,34.36
549,2020-02-01,45.68
549,2020-03-01,47
549,2020-04-01,32.97
549,2020-05-01,43.11
549,2020-06-01,96.76
549,2020-07-01,0
549,2020-08-01,53.85
549,2020-09-01,41.64
549,2020-10-01,11.11
550,2020-01-01,0
550,2020-02-01,26.71
550,2020-03-01,66.48
550,2020-04-01,96.87
550,2020-05-01,50.13
550,2020-06-01,45.78
550,2020-07-01,72.89
550,2020-08-01,54.12
550,2020-09-01,0
550,2020-10-01,0
551,2020-01-01,0
551,2020-02-01,0
551,2020-03-01,0
551,2020-04-01,0
551,2020-05-01,0
551,2020-06-01,0
551,2020-07-01,0
551,2020-08-01,74.06
551,2020-09-01,0
551,2020-10-01,0
552,2020-01-01,22.44
552,2020-02-01,0
552,2020-03-01,31.87
552,2020-04-01,0
552,2020-05-01,34.4
552,2020-06-01,0
552,2020-07-01,95.18
552,2020-08-01,0
552,2020-09-01,0
552,2020-10-01,45.8
553,2020-01-01,0
553,2020-02-01,46.49
553,2020-03-01,48.43
553,2020-04-01,50.52
553,2020-05-01,0
553,2020-06-01,0
553,2020-07-01,37.89
553,2020-08-01,0
553,2020-09-01,0
553,2020-10-01,0
554,2020-01-01,0
554,2020-02-01,9.31
554,2020-03-01,0
554,2020-04-01,0
554,2020-05-01,0
554,2020-06-01,0
554,2020-07-01,0
554,2020-08-01,0
554,2020-09-01,0
554,2020-10-01,0
555,2020-01-01,0
555,2020-02-01,0
555,2020-03-01,0
555,2020-04-01,64.26
555,2020-05-01,0
555,2020-06-01,0
555,2020-07-01,0
555,2020-08-01,0
555,2020-09-01,37.04
555,2020-10-01,43.98
556,2020-01-01,0
556,2020-02-01,43.79
556,2020-03-01,45.69
556,2020-04-01,61.88
556,2020-05-01,0
556,2020-06-01,0
556,2020-07-01,57.09
556,2020-08-01,29.91
556,2020-09-01,43.09
556,2020-10-01,0
557,2020-01-01,0
557,2020-02-01,44.39
557,2020-03-01,44.86
557,2020-04-01,49.66
557,2020-05-01,36.58
557,2020-06-01,49.43
557,2020-07-01,49.48
557,2020-08-01,54.35
557,2020-09-01,53.9
557,2020-10-01,52.2
558,2020-01-01,41
558,2020-02-01,34.58
558,2020-03-01,45.16
558,2020-04-01,27.82
558,2020-05-01,41.59
558,2020-06-01,42.76
558,2020-07-01,56.51
558,2020-08-01,38.89
558,2020-09-01,22.35
558,2020-10-01,32
559,2020-01-01,41.58
559,2020-02-01,0.73
559,2020-03-01,19.79
559,2020-04-01,91.93
559,2020-05-01,75.33
559,2020-06-01,0
559,2020-07-01,14.34
559,2020-08-01,0
559,2020-09-01,0
559,2020-10-01,0
560,2020-01-01,48.79
560,2020-02-01,54.47
560,2020-03-01,39.15
560,2020-04-01,48.38
560,2020-05-01,40.81
560,2020-06-01,47.6
560,2020-07-01,43.71
560,2020-08-01,38.91
560,2020-09-01,48.62
560,2020-10-01,66.71
561,2020-01-01,63.43
561,2020-02-01,52.36
561,2020-03-01,65.57
561,2020-04-01,58.44
561,2020-05-01,54.91
561,2020-06-01,62.39
561,2020-07-01,68.36
561,2020-08-01,76.65
561,2020-09-01,53.66
561,2020-10-01,82.64
562,2020-01-01,59.57
562,2020-02-01,0
562,2020-03-01,0
562,2020-04-01,49.96
562,2020-05-01,0
562,2020-06-01,78.69
562,2020-07-01,0
562,2020-08-01,55.76
562,2020-09-01,0
562,2020-10-01,0
563,2020-01-01,0
563,2020-02-01,44.48
563,2020-03-01,91.53
563,2020-04-01,44.64
563,2020-05-01,50.68
563,2020-06-01,47.93
563,2020-07-01,67.28
563,2020-08-01,0
563,2020-09-01,0
563,2020-10-01,5.88
564,2020-01-01,75.09
564,2020-02-01,0
564,2020-03-01,43.6
564,2020-04-01,41.03
564,2020-05-01,0
564,2020-06-01,0
564,2020-07-01,58.98
564,2020-08-01,0
564,2020-09-01,0
564,2020-10-01,0
565,2020-01-01,33.25
565,2020-02-01,60.11
565,2020-03-01,46.31
565,2020-04-01,0
565,2020-05-01,0
565,2020-06-01,24.41
565,2020-07-01,34.78
565,2020-08-01,0
565,2020-09-01,20.52
565,2020-10-01,0
566,2020-01-01,49.17
566,2020-02-01,51.86
566,2020-03-01,35.18
566,2020-04-01,41.45
566,2020-05-01,40.93
566,2020-06-01,39.32
566,2020-07-01,52.3
566,2020-08-01,44.85
566,2020-09-01,45.55
566,2020-10-01,38.43
567,2020-01-01,0
567,2020-02-01,0
567,2020-03-01,0
567,2020-04-01,0
567,2020-05-01,0
567,2020-06-01,58.04
567,2020-07-01,0
567,2020-08-01,0
567,2020-09-01,0
567,2020-10-01,0
568,2020-01-01,65.43
568,2020-02-01,46.11
568,2020-03-01,46.75
568,2020-04-01,52.89
568,2020-05-01,43.51
568,2020-06-01,50.75
568,2020-07-01,36.81
568,2020-08-01,49.92
568,2020-09-01,33.51
568,2020-10-01,43.48
569,2020-01-01,0
569,2020-02-01,0
569,2020-03-01,64.16
569,2020-04-01,73.63
569,2020-05-01,58.62
569,2020-06-01,55.26
569,2020-07-01,20.49
569,2020-08-01,47.77
569,2020-09-01,17.77
569,2020-10-01,8.68
570,2020-01-01,40.84
570,2020-02-01,46.86
570,2020-03-01,60.18
570,2020-04-01,53.15
570,2020-05-01,49.25
570,2020-06-01,49.2
570,2020-07-01,46.49
570,2020-08-01,44.71
570,2020-09-01,46.37
570,2020-10-01,48.87
571,2020-01-01,83.83
571,2020-02-01,46.14
571,2020-03-01,58.46
571,2020-04-01,0
571,2020-05-01,0
571,2020-06-01,0
571,2020-07-01,75.12
571,2020-08-01,0
571,2020-09-01,69.18
571,2020-10-01,0
572,2020-01-01,0
572,2020-02-01,0
572,2020-03-01,0
572,2020-04-01,37.7
572,2020-05-01,0
572,2020-06-01,0
572,2020-07-01,0.77
572,2020-08-01,0
572,2020-09-01,0
572,2020-10-01,0
573,2020-01-01,51.1
573,2020-02-01,52.26
573,2020-03-01,50.2
573,2020-04-01,42.78
573,2020-05-01,50.32
573,2020-06-01,56.78
573,2020-07-01,42.69
573,2020-08-01,35.06
573,2020-09-01,35.63
573,2020-10-01,41.42
574,2020-01-01,57.67
574,2020-02-01,94.4
574,2020-03-01,47.04
574,2020-04-01,39.53
574,2020-05-01,61.69
574,2020-06-01,0
574,2020-07-01,66.67
574,2020-08-01,0
574,2020-09-01,52.77
574,2020-10-01,0
575,2020-01-01,0
575,2020-02-01,0
575,2020-03-01,0
575,2020-04-01,0
575,2020-05-01,0
575,2020-06-01,0
575,2020-07-01,0
575,2020-08-01,0
575,2020-09-01,0
575,2020-10-01,0
576,2020-01-01,0
576,2020-02-01,0
576,2020-03-01,35.23
576,2020-04-01,65.63
576,2020-05-01,18.47
576,2020-06-01,42.5
576,2020-07-01,0
576,2020-08-01,48.9
576,2020-09-01,0
576,2020-10-01,38.97
577,2020-01-01,35.59
577,2020-02-01,48.81
577,2020-03-01,32.27
577,2020-04-01,27.98
577,2020-05-01,37.11
577,2020-06-01,45.45
577,2020-07-01,17.94
577,2020-08-01,9.71
577,2020-09-01,98.57
577,2020-10-01,36.76
578,2020-01-01,0
578,2020-02-01,0
578,2020-03-01,1.08
578,2020-04-01,0
578,2020-05-01,0
578,2020-06-01,0
578,2020-07-01,0
578,2020-08-01,46.63
578,2020-09-01,0
578,2020-10-01,0
579,2020-01-01,14.48
579,2020-02-01,39.48
579,2020-03-01,23.15
579,2020-04-01,13.32
579,2020-05-01,44.36
579,2020-06-01,15.4
579,2020-07-01,20.17
579,2020-08-01,15.14
579,2020-09-01,0
579,2020-10-01,29.42
580,2020-01-01,0
580,2020-02-01,53.88
580,2020-03-01,27.18
580,2020-04-01,29.1
580,2020-05-01,11.03
580,2020-06-01,0
580,2020-07-01,0
580,2020-08-01,0
580,2020-09-01,0
580,2020-10-01,0
581,2020-01-01,27.98
581,2020-02-01,51.19
581,2020-03-01,44.58
581,2020-04-01,7.61
581,2020-05-01,50.56
581,2020-06-01,0
581,2020-07-01,0
581,2020-08-01,63
581,2020-09-01,0
581,2020-10-01,42
582,2020-01-01,40.32
582,2020-02-01,17.48
582,2020-03-01,0
582,2020-04-01,61.77
582,2020-05-01,25.72
582,2020-06-01,0
582,2020-07-01,0
582,2020-08-01,0
582,2020-09-01,0
582,2020-10-01,66.42
583,2020-01-01,84.59
583,2020-02-01,0
583,2020-03-01,0
583,2020-04-01,0
583,2020-05-01,0
583,2020-06-01,0
583,2020-07-01,9.21
583,2020-08-01,0
583,2020-09-01,0
583,2020-10-01,8.46
584,2020-01-01,38.21
584,2020-02-01,38.92
584,2020-03-01,28.55
584,2020-04-01,12.51
584,2020-05-01,0
584,2020-06-01,69.6
584,2020-07-01,29.48
584,2020-08-01,27.99
584,2020-09-01,0
584,2020-10-01,0
585,2020-01-01,0
585,2020-02-01,83.02
585,2020-03-01,32.38
585,2020-04-01,28.65
585,2020-05-01,0
585,2020-06-01,10.02
585,2020-07-01,0
585,2020-08-01,38.61
585,2020-09-01,47.88
585,2020-10-01,0
586,2020-01-01,59.17
586,2020-02-01,0
586,2020-03-01,0
586,2020-04-01,24.92
586,2020-05-01,0
586,2020-06-01,0.27
586,2020-07-01,0
586,2020-08-01,0
586,2020-09-01,0
586,2020-10-01,0
587,2020-01-01,38.98
587,2020-02-01,23.06
587,2020-03-01,0
587,2020-04-01,0
587,2020-05-01,46.3
587,2020-06-01,44.95
587,2020-07-01,23.29
587,2020-08-01,0
587,2020-09-01,53.93
587,2020-10-01,0
588,2020-01-01,71.56
588,2020-02-01,52.85
588,2020-03-01,63.32
588,2020-04-01,37.07
588,2020-05-01,51.6
588,2020-06-01,0
588,2020-07-01,9.61
588,2020-08-01,73.32
588,2020-09-01,0
588,2020-10-01,18.9
589,2020-01-01,27.2
589,2020-02-01,0
589,2020-03-01,0
589,2020-04-01,43.28
589,2020-05-01,0
589,2020-06-01,58.73
589,2020-07-01,56.92
589,2020-08-01,62.64
589,2020-09-01,41.68
589,2020-10-01,0
590,2020-01-01,0
590,2020-02-01,0
590,2020-03-01,82.33
590,2020-04-01,0
590,2020-05-01,1.64
590,2020-06-01,0
590,2020-07-01,55.01
590,2020-08-01,0
590,2020-09-01,0
590,2020-10-01,0
591,2020-01-01,60.31
591,2020-02-01,62.89
591,2020-03-01,53.01
591,2020-04-01,48.69
591,2020-05-01,80.84
591,2020-06-01,34.81
591,2020-07-01,58.09
591,2020-08-01,71.24
591,2020-09-01,40.44
591,2020-10-01,9.9
592,2020-01-01,63.84
592,2020-02-01,43.18
592,2020-03-01,49.15
592,2020-04-01,47.77
592,2020-05-01,47.52
592,2020-06-01,42.59
592,2020-07-01,42.24
592,2020-08-01,16.59
592,2020-09-01,61.09
592,2020-10-01,0
593,2020-01-01,50.94
593,2020-02-01,70.23
593,2020-03-01,86.3
593,2020-04-01,8.96
593,2020-05-01,0
593,2020-06-01,15.68
593,2020-07-01,53.83
593,2020-08-01,12.72
593,2020-09-01,0
593,2020-10-01,0
594,2020-01-01,39.35
594,2020-02-01,0
594,2020-03-01,0
594,2020-04-01,54.72
594,2020-05-01,62.3
594,2020-06-01,53.19
594,2020-07-01,85.88
594,2020-08-01,0
594,2020-09-01,70.72
594,2020-10-01,0
595,2020-01-01,49.33
595,2020-02-01,0
595,2020-03-01,25.43
595,2020-04-01,0
595,2020-05-01,0
595,2020-06-01,0
595,2020-07-01,0
595,2020-08-01,66.32
595,2020-09-01,0
595,2020-10-01,35.79
596,2020-01-01,0
596,2020-02-01,0
596,2020-03-01,46.83
596,2020-04-01,52.54
596,2020-05-01,30.33
596,2020-06-01,27.9
596,2020-07-01,0
596,2020-08-01,5.46
596,2020-09-01,52.2
596,2020-10-01,0
597,2020-01-01,37.06
597,2020-02-01,46.87
597,2020-03-01,46.3
597,2020-04-01,48.8
597,2020-05-01,41.72
597,2020-06-01,73.78
597,2020-07-01,43.38
597,2020-08-01,71.77
597,2020-09-01,45.92
597,2020-10-01,42.83
598,2020-01-01,53.04
598,2020-02-01,84.89
598,2020-03-01,47.93
598,2020-04-01,40.11
598,2020-05-01,59.75
598,2020-06-01,66.7
598,2020-07-01,0
598,2020-08-01,0
598,2020-09-01,52.47
598,2020-10-01,0
599,2020-01-01,55.67
599,2020-02-01,39.97
599,2020-03-01,38.94
599,2020-04-01,43.16
599,2020-05-01,59.58
599,2020-06-01,48.08
599,2020-07-01,0
599,2020-08-01,11.8
599,2020-09-01,0
599,2020-10-01,56.22
600,2020-01-01,55.06
600,2020-02-01,37.6
600,2020-03-01,37.87
600,2020-04-01,20.08
600,2020-05-01,18.99
600,2020-06-01,40.55
600,2020-07-01,0
600,2020-08-01,0
600,2020-09-01,0
600,2020-10-01,0
601,2020-01-01,75.46
601,2020-02-01,58.76
601,2020-03-01,42.46
601,2020-04-01,41.05
601,2020-05-01,0
601,2020-06-01,49.99
601,2020-07-01,39.67
601,2020-08-01,9.24
601,2020-09-01,49.84
601,2020-10-01,0
602,2020-01-01,83.42
602,2020-02-01,0
602,2020-03-01,0
602,2020-04-01,0
602,2020-05-01,0
602,2020-06-01,0
602,2020-07-01,57.52
602,2020-08-01,0
602,2020-09-01,0
602,2020-10-01,0
603,2020-01-01,0
603,2020-02-01,18.8
603,2020-03-01,83.71
603,2020-04-01,47.95
603,2020-05-01,14.99
603,2020-06-01,32.82
603,2020-07-01,0
603,2020-08-01,40.58
603,2020-09-01,0
603,2020-10-01,0
604,2020-01-01,26.25
604,2020-02-01,66.59
604,2020-03-01,49.41
604,2020-04-01,39.47
604,2020-05-01,22.26
604,2020-06-01,17.05
604,2020-07-01,69.3
604,2020-08-01,13.67
604,2020-09-01,46.81
604,2020-10-01,7.99
605,2020-01-01,0
605,2020-02-01,0
605,2020-03-01,0
605,2020-04-01,0
605,2020-05-01,0
605,2020-06-01,0
605,2020-07-01,2.13
605,2020-08-01,0
605,2020-09-01,0
605,2020-10-01,0
606,2020-01-01,42.02
606,2020-02-01,55.43
606,2020-03-01,35.8
606,2020-04-01,67.8
606,2020-05-01,0
606,2020-06-01,97.98
606,2020-07-01,0
606,2020-08-01,0
606,2020-09-01,0
606,2020-10-01,0
607,2020-01-01,56.7
607,2020-02-01,44.45
607,2020-03-01,15.46
607,2020-04-01,26.36
607,2020-05-01,0
607,2020-06-01,13.83
607,2020-07-01,30.32
607,2020-08-01,41.26
607,2020-09-01,0
607,2020-10-01,0
608,2020-01-01,47.63
608,2020-02-01,44.41
608,2020-03-01,43.7
608,2020-04-01,45.13
608,2020-05-01,45.54
608,2020-06-01,38.53
608,2020-07-01,73.74
608,2020-08-01,8.55
608,2020-09-01,48.79
608,2020-10-01,46.53
609,2020-01-01,68.87
609,2020-02-01,51.03
609,2020-03-01,48.25
609,2020-04-01,39.18
609,2020-05-01,67.68
609,2020-06-01,50.72
609,2020-07-01,63.45
609,2020-08-01,59.63
609,2020-09-01,39.88
609,2020-10-01,49.84
610,2020-01-01,20.57
610,2020-02-01,26.23
610,2020-03-01,42.2
610,2020-04-01,0
610,2020-05-01,29.8
610,2020-06-01,32.07
610,2020-07-01,0
610,2020-08-01,0
610,2020-09-01,0
610,2020-10-01,0
611,2020-01-01,63.03
611,2020-02-01,33.55
611,2020-03-01,45.04
611,2020-04-01,71.18
611,2020-05-01,0
611,2020-06-01,21.67
611,2020-07-01,4.96
611,2020-08-01,0
611,2020-09-01,0
611,2020-10-01,55.41
612,2020-01-01,34.26
612,2020-02-01,0
612,2020-03-01,0
612,2020-04-01,0
612,2020-05-01,0
612,2020-06-01,0
612,2020-07-01,0
612,2020-08-01,29.39
612,2020-09-01,0
612,2020-10-01,0
613,2020-01-01,22.79
613,2020-02-01,25.33
613,2020-03-01,22.5
613,2020-04-01,0
613,2020-05-01,0
613,2020-06-01,16.87
613,2020-07-01,0
613,2020-08-01,0
613,2020-09-01,0
613,2020-10-01,0
614,2020-01-01,0
614,2020-02-01,38.7
614,2020-03-01,46.65
614,2020-04-01,0
614,2020-05-01,0
614,2020-06-01,7.06
614,2020-07-01,0
614,2020-08-01,0
614,2020-09-01,0.64
614,2020-10-01,22.92
615,2020-01-01,0
615,2020-02-01,0
615,2020-03-01,0
615,2020-04-01,0
615,2020-05-01,0
615,2020-06-01,68.94
615,2020-07-01,0
615,2020-08-01,0
615,2020-09-01,18.85
615,2020-10-01,0
616,2020-01-01,56.02
616,2020-02-01,37.12
616,2020-03-01,45.52
616,2020-04-01,0
616,2020-05-01,0
616,2020-06-01,83.81
616,2020-07-01,0
616,2020-08-01,29.96
616,2020-09-01,52.56
616,2020-10-01,0
617,2020-01-01,57.78
617,2020-02-01,46.39
617,2020-03-01,40.4
617,2020-04-01,33.43
617,2020-05-01,35.24
617,2020-06-01,40.5
617,2020-07-01,49.1
617,2020-08-01,58.45
617,2020-09-01,50.03
617,2020-10-01,37
618,2020-01-01,49.38
618,2020-02-01,22.52
618,2020-03-01,0
618,2020-04-01,45.72
618,2020-05-01,10.93
618,2020-06-01,62.32
618,2020-07-01,61.36
618,2020-08-01,0
618,2020-09-01,0
618,2020-10-01,25.88
619,2020-01-01,0
619,2020-02-01,0
619,2020-03-01,0
619,2020-04-01,25.19
619,2020-05-01,37.02
619,2020-06-01,0
619,2020-07-01,38.9
619,2020-08-01,63.83
619,2020-09-01,0
619,2020-10-01,15.29
620,2020-01-01,53.53
620,2020-02-01,48.66
620,2020-03-01,34.95
620,2020-04-01,61.31
620,2020-05-01,46.4
620,2020-06-01,46.5
620,2020-07-01,0
620,2020-08-01,17.63
620,2020-09-01,29.27
620,2020-10-01,27.48
621,2020-01-01,42.92
621,2020-02-01,33.83
621,2020-03-01,0
621,2020-04-01,47.57
621,2020-05-01,44.85
621,2020-06-01,20.47
621,2020-07-01,42.71
621,2020-08-01,49.04
621,2020-09-01,23.55
621,2020-10-01,25.46
622,2020-01-01,0
622,2020-02-01,32.83
622,2020-03-01,0
622,2020-04-01,23.47
622,2020-05-01,0
622,2020-06-01,48.86
622,2020-07-01,0
622,2020-08-01,0
622,2020-09-01,0
622,2020-10-01,0
623,2020-01-01,28.92
623,2020-02-01,57.37
623,2020-03-01,28.41
623,2020-04-01,0
623,2020-05-01,37.01
623,2020-06-01,0
623,2020-07-01,42.06
623,2020-08-01,0
623,2020-09-01,85.1
623,2020-10-01,21.89
624,2020-01-01,53.63
624,2020-02-01,51.4
624,2020-03-01,61.56
624,2020-04-01,62.29
624,2020-05-01,58.22
624,2020-06-01,55.42
624,2020-07-01,65.03
624,2020-08-01,56.24
624,2020-09-01,54.21
624,2020-10-01,55.84
625,2020-01-01,12.55
625,2020-02-01,60.61
625,2020-03-01,0
625,2020-04-01,0
625,2020-05-01,31.66
625,2020-06-01,54.69
625,2020-07-01,0
625,2020-08-01,0
625,2020-09-01,0
625,2020-10-01,0
626,2020-01-01,0
626,2020-02-01,0
626,2020-03-01,0
626,2020-04-01,0
626,2020-05-01,0
626,2020-06-01,0
626,2020-07-01,0
626,2020-08-01,41.43
626,2020-09-01,0
626,2020-10-01,0
627,2020-01-01,0
627,2020-02-01,2.37
627,2020-03-01,0
627,2020-04-01,0
627,2020-05-01,0
627,2020-06-01,0
627,2020-07-01,0
627,2020-08-01,0
627,2020-09-01,0
627,2020-10-01,0
628,2020-01-01,39.68
628,2020-02-01,41.97
628,2020-03-01,79.96
628,2020-04-01,54.34
628,2020-05-01,36.77
628,2020-06-01,29.47
628,2020-07-01,0
628,2020-08-01,0
628,2020-09-01,98.79
628,2020-10-01,46.29
629,2020-01-01,0
629,2020-02-01,0
629,2020-03-01,95.17
629,2020-04-01,40.24
629,2020-05-01,0
629,2020-06-01,0
629,2020-07-01,54.25
629,2020-08-01,0
629,2020-09-01,52.16
629,2020-10-01,45.18
630,2020-01-01,70.42
630,2020-02-01,42.36
630,2020-03-01,58.29
630,2020-04-01,0
630,2020-05-01,51.13
630,2020-06-01,62
630,2020-07-01,14.54
630,2020-08-01,60.44
630,2020-09-01,33.18
630,2020-10-01,0
631,2020-01-01,37.55
631,2020-02-01,46.54
631,2020-03-01,45.45
631,2020-04-01,0
631,2020-05-01,23.47
631,2020-06-01,0
631,2020-07-01,32.05
631,2020-08-01,76.56
631,2020-09-01,0
631,2020-10-01,21.08
632,2020-01-01,0
632,2020-02-01,33.07
632,2020-03-01,95.21
632,2020-04-01,0
632,2020-05-01,0
632,2020-06-01,0
632,2020-07-01,11.82
632,2020-08-01,0
632,2020-09-01,0
632,2020-10-01,0
633,2020-01-01,0
633,2020-02-01,19.08
633,2020-03-01,51.61
633,2020-04-01,0
633,2020-05-01,0
633,2020-06-01,97.39
633,2020-07-01,9.33
633,2020-08-01,58.66
633,2020-09-01,8.46
633,2020-10-01,0
634,2020-01-01,0
634,2020-02-01,0
634,2020-03-01,0
634,2020-04-01,0
634,2020-05-01,0
634,2020-06-01,0
634,2020-07-01,14.17
634,2020-08-01,49.95
634,2020-09-01,0
634,2020-10-01,73.59
635,2020-01-01,0
635,2020-02-01,47.27
635,2020-03-01,61.8
635,2020-04-01,0
635,2020-05-01,0
635,2020-06-01,0
635,2020-07-01,3.26
635,2020-08-01,0
635,2020-09-01,0
635,2020-10-01,0
636,2020-01-01,31.37
636,2020-02-01,0
636,2020-03-01,0
636,2020-04-01,0
636,2020-05-01,0
636,2020-06-01,0
636,2020-07-01,0
636,2020-08-01,0
636,2020-09-01,0
636,2020-10-01,0
637,2020-01-01,0
637,2020-02-01,0
637,2020-03-01,0
637,2020-04-01,0
637,2020-05-01,50.62
637,2020-06-01,2.94
637,2020-07-01,16.24
637,2020-08-01,31.59
637,2020-09-01,0
637,2020-10-01,0
638,2020-01-01,0
638,2020-02-01,0
638,2020-03-01,0
638,2020-04-01,4.86
638,2020-05-01,0
638,2020-06-01,81.55
638,2020-07-01,42.85
638,2020-08-01,0
638,2020-09-01,0
638,2020-10-01,0
639,2020-01-01,48.43
639,2020-02-01,4.18
639,2020-03-01,0
639,2020-04-01,0
639,2020-05-01,0
639,2020-06-01,0
639,2020-07-01,0
639,2020-08-01,0
639,2020-09-01,0
639,2020-10-01,0
640,2020-01-01,33.16
640,2020-02-01,44.67
640,2020-03-01,72.97
640,2020-04-01,45.62
640,2020-05-01,60.52
640,2020-06-01,23.38
640,2020-07-01,55.91
640,2020-08-01,0
640,2020-09-01,42.18
640,2020-10-01,50.58
642,2020-01-01,0
642,2020-02-01,0
642,2020-03-01,0
642,2020-04-01,0
642,2020-05-01,9.34
642,2020-06-01,0
642,2020-07-01,0
642,2020-08-01,0
642,2020-09-01,0
642,2020-10-01,0
643,2020-01-01,0
643,2020-02-01,79.44
643,2020-03-01,0
643,2020-04-01,89.48
643,2020-05-01,0
643,2020-06-01,0
643,2020-07-01,0
643,2020-08-01,0
643,2020-09-01,0
643,2020-10-01,0
644,2020-01-01,44.41
644,2020-02-01,31.58
644,2020-03-01,47.03
644,2020-04-01,33.71
644,2020-05-01,38.05
644,2020-06-01,36.8
644,2020-07-01,41.87
644,2020-08-01,38.8
644,2020-09-01,49.88
644,2020-10-01,54.09
645,2020-01-01,0
645,2020-02-01,0
645,2020-03-01,0
645,2020-04-01,0
645,2020-05-01,0
645,2020-06-01,0
645,2020-07-01,0
645,2020-08-01,0
645,2020-09-01,0
645,2020-10-01,0
646,2020-01-01,71.3
646,2020-02-01,0
646,2020-03-01,11.65
646,2020-04-01,99.25
646,2020-05-01,0
646,2020-06-01,44.3
646,2020-07-01,20.53
646,2020-08-01,22.96
646,2020-09-01,0
646,2020-10-01,0
647,2020-01-01,33.65
647,2020-02-01,0
647,2020-03-01,33.39
647,2020-04-01,0
647,2020-05-01,0
647,2020-06-01,0
647,2020-07-01,0
647,2020-08-01,0
647,2020-09-01,0
647,2020-10-01,12.29
648,2020-01-01,0
648,2020-02-01,0
648,2020-03-01,1.17
648,2020-04-01,0
648,2020-05-01,80.71
648,2020-06-01,0
648,2020-07-01,33.53
648,2020-08-01,0
648,2020-09-01,0
648,2020-10-01,0
649,2020-01-01,0
649,2020-02-01,67.96
649,2020-03-01,22
649,2020-04-01,0
649,2020-05-01,0
649,2020-06-01,0
649,2020-07-01,5.91
649,2020-08-01,0
649,2020-09-01,0
649,2020-10-01,0
650,2020-01-01,46.5
650,2020-02-01,50.12
650,2020-03-01,54.89
650,2020-04-01,38.83
650,2020-05-01,48.23
650,2020-06-01,55.41
650,2020-07-01,44.58
650,2020-08-01,62.53
650,2020-09-01,49.4
650,2020-10-01,43.98
651,2020-01-01,46.5
651,2020-02-01,51.84
651,2020-03-01,71.66
651,2020-04-01,42.92
651,2020-05-01,56.41
651,2020-06-01,28.51
651,2020-07-01,61.08
651,2020-08-01,46.03
651,2020-09-01,56.68
651,2020-10-01,62.56
652,2020-01-01,25.12
652,2020-02-01,34.12
652,2020-03-01,33.92
652,2020-04-01,21.77
652,2020-05-01,39.12
652,2020-06-01,46.99
652,2020-07-01,37.47
652,2020-08-01,37.03
652,2020-09-01,44.37
652,2020-10-01,52.46
653,2020-01-01,0
653,2020-02-01,50.68
653,2020-03-01,0
653,2020-04-01,27.74
653,2020-05-01,7.62
653,2020-06-01,39.65
653,2020-07-01,0
653,2020-08-01,14.2
653,2020-09-01,21.4
653,2020-10-01,0
654,2020-01-01,38.16
654,2020-02-01,63.95
654,2020-03-01,95.22
654,2020-04-01,0
654,2020-05-01,0
654,2020-06-01,0
654,2020-07-01,0
654,2020-08-01,0
654,2020-09-01,0
654,2020-10-01,96.22
655,2020-01-01,0
655,2020-02-01,25.58
655,2020-03-01,18.7
655,2020-04-01,20.61
655,2020-05-01,7.29
655,2020-06-01,0
655,2020-07-01,0
655,2020-08-01,0
655,2020-09-01,40.76
655,2020-10-01,89.71
656,2020-01-01,33.83
656,2020-02-01,59.69
656,2020-03-01,0
656,2020-04-01,41.82
656,2020-05-01,0
656,2020-06-01,13.06
656,2020-07-01,0
656,2020-08-01,35.13
656,2020-09-01,0
656,2020-10-01,0
657,2020-01-01,0
657,2020-02-01,0
657,2020-03-01,32.2
657,2020-04-01,0
657,2020-05-01,0
657,2020-06-01,0
657,2020-07-01,0
657,2020-08-01,0
657,2020-09-01,48.54
657,2020-10-01,0
658,2020-01-01,42.8
658,2020-02-01,44.61
658,2020-03-01,42.82
658,2020-04-01,39.71
658,2020-05-01,31.41
658,2020-06-01,42.53
658,2020-07-01,31.29
658,2020-08-01,37.9
658,2020-09-01,43.99
658,2020-10-01,43.31
659,2020-01-01,33.51
659,2020-02-01,38.81
659,2020-03-01,13.2
659,2020-04-01,0
659,2020-05-01,45.21
659,2020-06-01,0
659,2020-07-01,0
659,2020-08-01,88.7
659,2020-09-01,25.34
659,2020-10-01,0
660,2020-01-01,53.82
660,2020-02-01,53.79
660,2020-03-01,54.1
660,2020-04-01,56.19
660,2020-05-01,43.8
660,2020-06-01,54.84
660,2020-07-01,37.33
660,2020-08-01,0.74
660,2020-09-01,0
660,2020-10-01,0
661,2020-01-01,20.51
661,2020-02-01,72.97
661,2020-03-01,42.88
661,2020-04-01,36.9
661,2020-05-01,37.48
661,2020-06-01,32.69
661,2020-07-01,40.86
661,2020-08-01,53.34
661,2020-09-01,48.48
661,2020-10-01,29.14
662,2020-01-01,54.75
662,2020-02-01,66.78
662,2020-03-01,53.09
662,2020-04-01,52.5
662,2020-05-01,54.99
662,2020-06-01,43.94
662,2020-07-01,49.85
662,2020-08-01,51.75
662,2020-09-01,72.63
662,2020-10-01,30.77
663,2020-01-01,84.59
663,2020-02-01,0
663,2020-03-01,55.77
663,2020-04-01,0
663,2020-05-01,14.92
663,2020-06-01,32.08
663,2020-07-01,7.85
663,2020-08-01,64.59
663,2020-09-01,0
663,2020-10-01,28.61
664,2020-01-01,43.59
664,2020-02-01,47.28
664,2020-03-01,0
664,2020-04-01,44.32
664,2020-05-01,36.82
664,2020-06-01,23.98
664,2020-07-01,93.47
664,2020-08-01,0
664,2020-09-01,28.08
664,2020-10-01,85.22
665,2020-01-01,0
665,2020-02-01,68.54
665,2020-03-01,62.4
665,2020-04-01,46.04
665,2020-05-01,0
665,2020-06-01,45.19
665,2020-07-01,0
665,2020-08-01,46.82
665,2020-09-01,33.68
665,2020-10-01,0
666,2020-01-01,39.62
666,2020-02-01,0
666,2020-03-01,22.63
666,2020-04-01,0
666,2020-05-01,0
666,2020-06-01,0
666,2020-07-01,0
666,2020-08-01,72.41
666,2020-09-01,0
666,2020-10-01,0
667,2020-01-01,0
667,2020-02-01,42.97
667,2020-03-01,0
667,2020-04-01,44.33
667,2020-05-01,39.06
667,2020-06-01,31.79
667,2020-07-01,71.94
667,2020-08-01,2.48
667,2020-09-01,0
667,2020-10-01,26.67
668,2020-01-01,0
668,2020-02-01,0
668,2020-03-01,0
668,2020-04-01,0
668,2020-05-01,95.15
668,2020-06-01,53.21
668,2020-07-01,0
668,2020-08-01,0
668,2020-09-01,0
668,2020-10-01,43.69
669,2020-01-01,0
669,2020-02-01,45.45
669,2020-03-01,0
669,2020-04-01,36.55
669,2020-05-01,0
669,2020-06-01,64.57
669,2020-07-01,0
669,2020-08-01,0
669,2020-09-01,0
669,2020-10-01,0
670,2020-01-01,39.5
670,2020-02-01,45.2
670,2020-03-01,34.54
670,2020-04-01,34.93
670,2020-05-01,39.73
670,2020-06-01,23.26
670,2020-07-01,40.03
670,2020-08-01,60.51
670,2020-09-01,48.15
670,2020-10-01,45.28
671,2020-01-01,11.16
671,2020-02-01,8.62
671,2020-03-01,10.29
671,2020-04-01,0
671,2020-05-01,0
671,2020-06-01,0
671,2020-07-01,0
671,2020-08-01,0
671,2020-09-01,12.34
671,2020-10-01,58.63
672,2020-01-01,30.28
672,2020-02-01,55.41
672,2020-03-01,56.22
672,2020-04-01,51.38
672,2020-05-01,47.72
672,2020-06-01,55.9
672,2020-07-01,53.46
672,2020-08-01,41.8
672,2020-09-01,48.18
672,2020-10-01,1.57
673,2020-01-01,39.57
673,2020-02-01,0
673,2020-03-01,0
673,2020-04-01,0
673,2020-05-01,10.62
673,2020-06-01,0
673,2020-07-01,17.16
673,2020-08-01,0
673,2020-09-01,0
673,2020-10-01,0
674,2020-01-01,29.63
674,2020-02-01,45.85
674,2020-03-01,23.56
674,2020-04-01,5.38
674,2020-05-01,53.78
674,2020-06-01,0
674,2020-07-01,0
674,2020-08-01,43
674,2020-09-01,33.91
674,2020-10-01,59.01
675,2020-01-01,0
675,2020-02-01,0
675,2020-03-01,0
675,2020-04-01,45.38
675,2020-05-01,0
675,2020-06-01,0
675,2020-07-01,0
675,2020-08-01,0
675,2020-09-01,0
675,2020-10-01,0
676,2020-01-01,0
676,2020-02-01,0
676,2020-03-01,0
676,2020-04-01,0
676,2020-05-01,0
676,2020-06-01,0
676,2020-07-01,0
676,2020-08-01,0
676,2020-09-01,0
676,2020-10-01,0
677,2020-01-01,59.88
677,2020-02-01,16.77
677,2020-03-01,42.97
677,2020-04-01,0
677,2020-05-01,58.66
677,2020-06-01,18.88
677,2020-07-01,51.47
677,2020-08-01,49.15
677,2020-09-01,31.1
677,2020-10-01,0
678,2020-01-01,71.31
678,2020-02-01,65.52
678,2020-03-01,17.56
678,2020-04-01,0
678,2020-05-01,0
678,2020-06-01,30.63
678,2020-07-01,0
678,2020-08-01,0
678,2020-09-01,48.25
678,2020-10-01,0
679,2020-01-01,0
679,2020-02-01,80.08
679,2020-03-01,0
679,2020-04-01,0
679,2020-05-01,35.22
679,2020-06-01,0
679,2020-07-01,0
679,2020-08-01,0
679,2020-09-01,0
679,2020-10-01,0
680,2020-01-01,40.27
680,2020-02-01,0
680,2020-03-01,50.2
680,2020-04-01,40.76
680,2020-05-01,0
680,2020-06-01,74.15
680,2020-07-01,21.13
680,2020-08-01,0
680,2020-09-01,0
680,2020-10-01,65.58
681,2020-01-01,0
681,2020-02-01,0
681,2020-03-01,0
681,2020-04-01,0
681,2020-05-01,0
681,2020-06-01,0
681,2020-07-01,0
681,2020-08-01,0
681,2020-09-01,35.64
681,2020-10-01,55.43
682,2020-01-01,45.66
682,2020-02-01,22.03
682,2020-03-01,24.09
682,2020-04-01,74.32
682,2020-05-01,0
682,2020-06-01,2.49
682,2020-07-01,72.99
682,2020-08-01,24.87
682,2020-09-01,16.89
682,2020-10-01,0
683,2020-01-01,5.11
683,2020-02-01,39.5
683,2020-03-01,14.95
683,2020-04-01,0
683,2020-05-01,0
683,2020-06-01,0
683,2020-07-01,14.13
683,2020-08-01,0
683,2020-09-01,0
683,2020-10-01,0
684,2020-01-01,0
684,2020-02-01,0
684,2020-03-01,22.38
684,2020-04-01,58.91
684,2020-05-01,47.82
684,2020-06-01,0
684,2020-07-01,0
684,2020-08-01,0
684,2020-09-01,0
684,2020-10-01,0
685,2020-01-01,0
685,2020-02-01,0
685,2020-03-01,0
685,2020-04-01,0
685,2020-05-01,0
685,2020-06-01,12.68
685,2020-07-01,0
685,2020-08-01,0
685,2020-09-01,0
685,2020-10-01,0
686,2020-01-01,0
686,2020-02-01,0
686,2020-03-01,0
686,2020-04-01,48.81
686,2020-05-01,33.04
686,2020-06-01,75.62
686,2020-07-01,94.84
686,2020-08-01,43.71
686,2020-09-01,11.64
686,2020-10-01,0
687,2020-01-01,0
687,2020-02-01,0
687,2020-03-01,51.95
687,2020-04-01,0
687,2020-05-01,29.07
687,2020-06-01,0.19
687,2020-07-01,0
687,2020-08-01,0
687,2020-09-01,0
687,2020-10-01,63.69
688,2020-01-01,58.59
688,2020-02-01,30.9
688,2020-03-01,48.92
688,2020-04-01,0
688,2020-05-01,0
688,2020-06-01,75.97
688,2020-07-01,0
688,2020-08-01,0
688,2020-09-01,0
688,2020-10-01,42.38
689,2020-01-01,0
689,2020-02-01,0
689,2020-03-01,0
689,2020-04-01,0
689,2020-05-01,0
689,2020-06-01,0
689,2020-07-01,0
689,2020-08-01,0
689,2020-09-01,58.18
689,2020-10-01,0
690,2020-01-01,5.92
690,2020-02-01,0
690,2020-03-01,0
690,2020-04-01,67.69
690,2020-05-01,40.27
690,2020-06-01,77.94
690,2020-07-01,57.13
690,2020-08-01,45.45
690,2020-09-01,72.87
690,2020-10-01,0
691,2020-01-01,53.56
691,2020-02-01,50.59
691,2020-03-01,0
691,2020-04-01,0
691,2020-05-01,0
691,2020-06-01,0
691,2020-07-01,57.82
691,2020-08-01,0
691,2020-09-01,0
691,2020-10-01,0
692,2020-01-01,49.82
692,2020-02-01,70.01
692,2020-03-01,48.31
692,2020-04-01,15.73
692,2020-05-01,0
692,2020-06-01,26.58
692,2020-07-01,0
692,2020-08-01,0
692,2020-09-01,0
692,2020-10-01,0
693,2020-01-01,51.07
693,2020-02-01,48.62
693,2020-03-01,72.38
693,2020-04-01,48.59
693,2020-05-01,15.34
693,2020-06-01,54.06
693,2020-07-01,33.34
693,2020-08-01,3.51
693,2020-09-01,37.91
693,2020-10-01,0
94,2020-01-01,58.97
94,2020-02-01,55.22
94,2020-03-01,58.03
94,2020-04-01,65.06
94,2020-05-01,53.25
94,2020-06-01,49.00
94,2020-07-01,70.10
94,2020-08-01,48.09
94,2020-09-01,52.29
94,2020-10-01,79.58
95,2020-01-01,41.66
95,2020-02-01,51.96
95,2020-03-01,46.93
95,2020-04-01,47.84
95,2020-05-01,52.75
95,2020-06-01,49.91
95,2020-07-01,37.94
95,2020-08-01,48.69
95,2020-09-01,47.36
95,2020-10-01,46.20
